1	MONITOR	50.00	0.00	47.63	20.00	0.00	0.00	0.00	0.00	1.00	1.00	0.00	1	10000.00	60000.00	12000.00	0.00	0	0	50000.00	60000.00	0	0	2	RICE	0.00	0.00	0.00	0	0	0.00	kg	0	0	0	0	0.00	0.00	0.00	0.00	0.00	0	0	0	00	00	00	0.000.00	0	0	0.00	0.00	0.00	0.00	0.00	0.00				0.000000			
2	TIME CONTROL	50.00	0.00	47.63	40.00	0.00	0.00	0.00	0.00	1.00	1.00	0.00	1	10000.00	60000.00	100.00	0.00	0	0	50000.00	60000.00	0	0	2	RICE	0.00	0.00	0.00	0	0	5.00	kg	1	0	0	0	0.00	0.00	0.00	0.00	0.00	0	0	0	00	00	18630	93000.000.00	0	0	0.00	0.00	0.00	0.00	0.00	0.00				0.000000			
3	FEEDRATE CONTROL	50.00	0.00	47.63	40.00	0.00	0.00	0.00	0.00	1.00	1.00	0.00	1	10000.00	60000.00	0.00	0.00	0	5	50000.00	60000.00	0	0	2	RICE	0.00	0.00	50.00	0	0	0.00	kg	1	0	0	0	0.00	0.00	0.00	0.00	0.00	0	0	0	00	00	3010	14900.000.00	0	0	0.00	0.00	0.00	0.00	0.00	0.00				0.000000			
4	BATCH	50.00	0.00	47.63	40.00	0.00	0.00	0.00	0.00	1.00	1.00	0.00	1	10000.00	60000.00	0.00	0.00	0	0	50000.00	60000.00	0	0	2	RICE	2.00	3.00	0.00	0	0	0.00	kg	1	0	0	0	0.00	0.00	0.00	0.00	0.00	0	0	0	00	00	2920	14450.000.00	0	0	0.00	0.00	0.00	0.00	0.00	0.00				0.000000			
5	BULK RECEIVE	50.00	0.00	47.63	40.00	0.00	0.00	0.00	0.00	1.00	1.00	0.00	1	10000.00	60000.00	50.00	0.00	1	0	50000.00	60000.00	0	0	2	RICE	2.00	3.00	0.00	1	0	0.00	kg	1	0	0	0	0.00	0.00	0.00	0.00	0.00	0	1	0	00	00	2900	14350.000.00	0	0	0.00	0.00	0.00	0.00	0.00	0.00				0.000000			
6	BULK SHIP	50.00	0.00	47.63	40.00	0.00	0.00	0.00	0.00	1.00	1.00	0.00	1	10000.00	60000.00	50.00	0.00	0	0	50000.00	60000.00	0	0	2	RICE	2.00	3.00	100.00	1	2	0.00	kg	1	0	0	0	0.00	0.00	0.00	0.00	0.00	0	0	0	00	00	2890	14250.000.00	0	0	0.00	0.00	0.00	0.00	0.00	0.00				0.000000			
7	Free 7	0.00	0.00	0.00	0.00	0.00	0.00	0.00	0.00	0.00	0.00	0.00	0	0.00	0.00	0.00	0.00	0	0	0.00	0.00	0	0	0		0.00	0.00	0.00	0	0	0.00	kg	0	0	0	0	0.00	0.00	0.00	0.00	0.00	0	0	0	00	00	00	0.000.00	0	0	0.00	0.00	0.00	0.00	0.00	0.00				0.000000			
8	Free 8	0.00	0.00	0.00	0.00	0.00	0.00	0.00	0.00	0.00	0.00	0.00	0	0.00	0.00	0.00	0.00	0	0	0.00	0.00	0	0	0		0.00	0.00	0.00	0	0	0.00	kg	0	0	0	0	0.00	0.00	0.00	0.00	0.00	0	0	0	00	00	00	0.000.00	0	0	0.00	0.00	0.00	0.00	0.00	0.00				0.000000			
9	Free 9	0.00	0.00	0.00	0.00	0.00	0.00	0.00	0.00	0.00	0.00	0.00	0	0.00	0.00	0.00	0.00	0	0	0.00	0.00	0	0	0		0.00	0.00	0.00	0	0	0.00	kg	0	0	0	0	0.00	0.00	0.00	0.00	0.00	0	0	0	00	00	00	0.000.00	0	0	0.00	0.00	0.00	0.00	0.00	0.00				0.000000			
10	Free 10	0.00	0.00	0.00	0.00	0.00	0.00	0.00	0.00	0.00	0.00	0.00	0	0.00	0.00	0.00	0.00	0	0	0.00	0.00	0	0	0		0.00	0.00	0.00	0	0	0.00	kg	0	0	0	0	0.00	0.00	0.00	0.00	0.00	0	0	0	00	00	00	0.000.00	0	0	0.00	0.00	0.00	0.00	0.00	0.00				0.000000			
11	Free 11	0.00	0.00	0.00	0.00	0.00	0.00	0.00	0.00	0.00	0.00	0.00	0	0.00	0.00	0.00	0.00	0	0	0.00	0.00	0	0	0		0.00	0.00	0.00	0	0	0.00	kg	0	0	0	0	0.00	0.00	0.00	0.00	0.00	0	0	0	00	00	00	0.000.00	0	0	0.00	0.00	0.00	0.00	0.00	0.00				0.000000			
12	Free 12	0.00	0.00	0.00	0.00	0.00	0.00	0.00	0.00	0.00	0.00	0.00	0	0.00	0.00	0.00	0.00	0	0	0.00	0.00	0	0	0		0.00	0.00	0.00	0	0	0.00	kg	0	0	0	0	0.00	0.00	0.00	0.00	0.00	0	0	0	00	00	00	0.000.00	0	0	0.00	0.00	0.00	0.00	0.00	0.00				0.000000			
13	Free 13	0.00	0.00	0.00	0.00	0.00	0.00	0.00	0.00	0.00	0.00	0.00	0	0.00	0.00	0.00	0.00	0	0	0.00	0.00	0	0	0		0.00	0.00	0.00	0	0	0.00	kg	0	0	0	0	0.00	0.00	0.00	0.00	0.00	0	0	0	00	00	00	0.000.00	0	0	0.00	0.00	0.00	0.00	0.00	0.00				0.000000			
14	Free 14	0.00	0.00	0.00	0.00	0.00	0.00	0.00	0.00	0.00	0.00	0.00	0	0.00	0.00	0.00	0.00	0	0	0.00	0.00	0	0	0		0.00	0.00	0.00	0	0	0.00	kg	0	0	0	0	0.00	0.00	0.00	0.00	0.00	0	0	0	00	00	00	0.000.00	0	0	0.00	0.00	0.00	0.00	0.00	0.00				0.000000			
15	Free 15	0.00	0.00	0.00	0.00	0.00	0.00	0.00	0.00	0.00	0.00	0.00	0	0.00	0.00	0.00	0.00	0	0	0.00	0.00	0	0	0		0.00	0.00	0.00	0	0	0.00	kg	0	0	0	0	0.00	0.00	0.00	0.00	0.00	0	0	0	00	00	00	0.000.00	0	0	0.00	0.00	0.00	0.00	0.00	0.00				0.000000			
16	Free 16	0.00	0.00	0.00	0.00	0.00	0.00	0.00	0.00	0.00	0.00	0.00	0	0.00	0.00	0.00	0.00	0	0	0.00	0.00	0	0	0		0.00	0.00	0.00	0	0	0.00	kg	0	0	0	0	0.00	0.00	0.00	0.00	0.00	0	0	0	00	00	00	0.000.00	0	0	0.00	0.00	0.00	0.00	0.00	0.00				0.000000			
17	Free 17	0.00	0.00	0.00	0.00	0.00	0.00	0.00	0.00	0.00	0.00	0.00	0	0.00	0.00	0.00	0.00	0	0	0.00	0.00	0	0	0		0.00	0.00	0.00	0	0	0.00	kg	0	0	0	0	0.00	0.00	0.00	0.00	0.00	0	0	0	00	00	00	0.000.00	0	0	0.00	0.00	0.00	0.00	0.00	0.00				0.000000			
18	Free 18	0.00	0.00	0.00	0.00	0.00	0.00	0.00	0.00	0.00	0.00	0.00	0	0.00	0.00	0.00	0.00	0	0	0.00	0.00	0	0	0		0.00	0.00	0.00	0	0	0.00	kg	0	0	0	0	0.00	0.00	0.00	0.00	0.00	0	0	0	00	00	00	0.000.00	0	0	0.00	0.00	0.00	0.00	0.00	0.00				0.000000			
19	Free 19	0.00	0.00	0.00	0.00	0.00	0.00	0.00	0.00	0.00	0.00	0.00	0	0.00	0.00	0.00	0.00	0	0	0.00	0.00	0	0	0		0.00	0.00	0.00	0	0	0.00	kg	0	0	0	0	0.00	0.00	0.00	0.00	0.00	0	0	0	00	00	00	0.000.00	0	0	0.00	0.00	0.00	0.00	0.00	0.00				0.000000			
20	Free 20	0.00	0.00	0.00	0.00	0.00	0.00	0.00	0.00	0.00	0.00	0.00	0	0.00	0.00	0.00	0.00	0	0	0.00	0.00	0	0	0		0.00	0.00	0.00	0	0	0.00	kg	0	0	0	0	0.00	0.00	0.00	0.00	0.00	0	0	0	00	00	00	0.000.00	0	0	0.00	0.00	0.00	0.00	0.00	0.00				0.000000			
21	Free 21	0.00	0.00	0.00	0.00	0.00	0.00	0.00	0.00	0.00	0.00	0.00	0	0.00	0.00	0.00	0.00	0	0	0.00	0.00	0	0	0		0.00	0.00	0.00	0	0	0.00	kg	0	0	0	0	0.00	0.00	0.00	0.00	0.00	0	0	0	00	00	00	0.000.00	0	0	0.00	0.00	0.00	0.00	0.00	0.00				0.000000			
22	Free 22	0.00	0.00	0.00	0.00	0.00	0.00	0.00	0.00	0.00	0.00	0.00	0	0.00	0.00	0.00	0.00	0	0	0.00	0.00	0	0	0		0.00	0.00	0.00	0	0	0.00	kg	0	0	0	0	0.00	0.00	0.00	0.00	0.00	0	0	0	00	00	00	0.000.00	0	0	0.00	0.00	0.00	0.00	0.00	0.00				0.000000			
23	Free 23	0.00	0.00	0.00	0.00	0.00	0.00	0.00	0.00	0.00	0.00	0.00	0	0.00	0.00	0.00	0.00	0	0	0.00	0.00	0	0	0		0.00	0.00	0.00	0	0	0.00	kg	0	0	0	0	0.00	0.00	0.00	0.00	0.00	0	0	0	00	00	00	0.000.00	0	0	0.00	0.00	0.00	0.00	0.00	0.00				0.000000			
24	Free 24	0.00	0.00	0.00	0.00	0.00	0.00	0.00	0.00	0.00	0.00	0.00	0	0.00	0.00	0.00	0.00	0	0	0.00	0.00	0	0	0		0.00	0.00	0.00	0	0	0.00	kg	0	0	0	0	0.00	0.00	0.00	0.00	0.00	0	0	0	00	00	00	0.000.00	0	0	0.00	0.00	0.00	0.00	0.00	0.00				0.000000			
25	Free 25	0.00	0.00	0.00	0.00	0.00	0.00	0.00	0.00	0.00	0.00	0.00	0	0.00	0.00	0.00	0.00	0	0	0.00	0.00	0	0	0		0.00	0.00	0.00	0	0	0.00	kg	0	0	0	0	0.00	0.00	0.00	0.00	0.00	0	0	0	00	00	00	0.000.00	0	0	0.00	0.00	0.00	0.00	0.00	0.00				0.000000			
26	Free 26	0.00	0.00	0.00	0.00	0.00	0.00	0.00	0.00	0.00	0.00	0.00	0	0.00	0.00	0.00	0.00	0	0	0.00	0.00	0	0	0		0.00	0.00	0.00	0	0	0.00	kg	0	0	0	0	0.00	0.00	0.00	0.00	0.00	0	0	0	00	00	00	0.000.00	0	0	0.00	0.00	0.00	0.00	0.00	0.00				0.000000			
27	Free 27	0.00	0.00	0.00	0.00	0.00	0.00	0.00	0.00	0.00	0.00	0.00	0	0.00	0.00	0.00	0.00	0	0	0.00	0.00	0	0	0		0.00	0.00	0.00	0	0	0.00	kg	0	0	0	0	0.00	0.00	0.00	0.00	0.00	0	0	0	00	00	00	0.000.00	0	0	0.00	0.00	0.00	0.00	0.00	0.00				0.000000			
28	Free 28	0.00	0.00	0.00	0.00	0.00	0.00	0.00	0.00	0.00	0.00	0.00	0	0.00	0.00	0.00	0.00	0	0	0.00	0.00	0	0	0		0.00	0.00	0.00	0	0	0.00	kg	0	0	0	0	0.00	0.00	0.00	0.00	0.00	0	0	0	00	00	00	0.000.00	0	0	0.00	0.00	0.00	0.00	0.00	0.00				0.000000			
29	Free 29	0.00	0.00	0.00	0.00	0.00	0.00	0.00	0.00	0.00	0.00	0.00	0	0.00	0.00	0.00	0.00	0	0	0.00	0.00	0	0	0		0.00	0.00	0.00	0	0	0.00	kg	0	0	0	0	0.00	0.00	0.00	0.00	0.00	0	0	0	00	00	00	0.000.00	0	0	0.00	0.00	0.00	0.00	0.00	0.00				0.000000			
30	Free 30	0.00	0.00	0.00	0.00	0.00	0.00	0.00	0.00	0.00	0.00	0.00	0	0.00	0.00	0.00	0.00	0	0	0.00	0.00	0	0	0		0.00	0.00	0.00	0	0	0.00	kg	0	0	0	0	0.00	0.00	0.00	0.00	0.00	0	0	0	00	00	00	0.000.00	0	0	0.00	0.00	0.00	0.00	0.00	0.00				0.000000			
31	Free 31	0.00	0.00	0.00	0.00	0.00	0.00	0.00	0.00	0.00	0.00	0.00	0	0.00	0.00	0.00	0.00	0	0	0.00	0.00	0	0	0		0.00	0.00	0.00	0	0	0.00	kg	0	0	0	0	0.00	0.00	0.00	0.00	0.00	0	0	0	00	00	00	0.000.00	0	0	0.00	0.00	0.00	0.00	0.00	0.00				0.000000			
32	Free 32	0.00	0.00	0.00	0.00	0.00	0.00	0.00	0.00	0.00	0.00	0.00	0	0.00	0.00	0.00	0.00	0	0	0.00	0.00	0	0	0		0.00	0.00	0.00	0	0	0.00	kg	0	0	0	0	0.00	0.00	0.00	0.00	0.00	0	0	0	00	00	00	0.000.00	0	0	0.00	0.00	0.00	0.00	0.00	0.00				0.000000			
33	Free 33	0.00	0.00	0.00	0.00	0.00	0.00	0.00	0.00	0.00	0.00	0.00	0	0.00	0.00	0.00	0.00	0	0	0.00	0.00	0	0	0		0.00	0.00	0.00	0	0	0.00	kg	0	0	0	0	0.00	0.00	0.00	0.00	0.00	0	0	0	00	00	00	0.000.00	0	0	0.00	0.00	0.00	0.00	0.00	0.00				0.000000			
34	Free 34	0.00	0.00	0.00	0.00	0.00	0.00	0.00	0.00	0.00	0.00	0.00	0	0.00	0.00	0.00	0.00	0	0	0.00	0.00	0	0	0		0.00	0.00	0.00	0	0	0.00	kg	0	0	0	0	0.00	0.00	0.00	0.00	0.00	0	0	0	00	00	00	0.000.00	0	0	0.00	0.00	0.00	0.00	0.00	0.00				0.000000			
35	Free 35	0.00	0.00	0.00	0.00	0.00	0.00	0.00	0.00	0.00	0.00	0.00	0	0.00	0.00	0.00	0.00	0	0	0.00	0.00	0	0	0		0.00	0.00	0.00	0	0	0.00	kg	0	0	0	0	0.00	0.00	0.00	0.00	0.00	0	0	0	00	00	00	0.000.00	0	0	0.00	0.00	0.00	0.00	0.00	0.00				0.000000			
36	Free 36	0.00	0.00	0.00	0.00	0.00	0.00	0.00	0.00	0.00	0.00	0.00	0	0.00	0.00	0.00	0.00	0	0	0.00	0.00	0	0	0		0.00	0.00	0.00	0	0	0.00	kg	0	0	0	0	0.00	0.00	0.00	0.00	0.00	0	0	0	00	00	00	0.000.00	0	0	0.00	0.00	0.00	0.00	0.00	0.00				0.000000			
37	Free 37	0.00	0.00	0.00	0.00	0.00	0.00	0.00	0.00	0.00	0.00	0.00	0	0.00	0.00	0.00	0.00	0	0	0.00	0.00	0	0	0		0.00	0.00	0.00	0	0	0.00	kg	0	0	0	0	0.00	0.00	0.00	0.00	0.00	0	0	0	00	00	00	0.000.00	0	0	0.00	0.00	0.00	0.00	0.00	0.00				0.000000			
38	Free 38	0.00	0.00	0.00	0.00	0.00	0.00	0.00	0.00	0.00	0.00	0.00	0	0.00	0.00	0.00	0.00	0	0	0.00	0.00	0	0	0		0.00	0.00	0.00	0	0	0.00	kg	0	0	0	0	0.00	0.00	0.00	0.00	0.00	0	0	0	00	00	00	0.000.00	0	0	0.00	0.00	0.00	0.00	0.00	0.00				0.000000			
39	Free 39	0.00	0.00	0.00	0.00	0.00	0.00	0.00	0.00	0.00	0.00	0.00	0	0.00	0.00	0.00	0.00	0	0	0.00	0.00	0	0	0		0.00	0.00	0.00	0	0	0.00	kg	0	0	0	0	0.00	0.00	0.00	0.00	0.00	0	0	0	00	00	00	0.000.00	0	0	0.00	0.00	0.00	0.00	0.00	0.00				0.000000			
40	Free 40	0.00	0.00	0.00	0.00	0.00	0.00	0.00	0.00	0.00	0.00	0.00	0	0.00	0.00	0.00	0.00	0	0	0.00	0.00	0	0	0		0.00	0.00	0.00	0	0	0.00	kg	0	0	0	0	0.00	0.00	0.00	0.00	0.00	0	0	0	00	00	00	0.000.00	0	0	0.00	0.00	0.00	0.00	0.00	0.00				0.000000			
41	Free 41	0.00	0.00	0.00	0.00	0.00	0.00	0.00	0.00	0.00	0.00	0.00	0	0.00	0.00	0.00	0.00	0	0	0.00	0.00	0	0	0		0.00	0.00	0.00	0	0	0.00	kg	0	0	0	0	0.00	0.00	0.00	0.00	0.00	0	0	0	00	00	00	0.000.00	0	0	0.00	0.00	0.00	0.00	0.00	0.00				0.000000			
42	Free 42	0.00	0.00	0.00	0.00	0.00	0.00	0.00	0.00	0.00	0.00	0.00	0	0.00	0.00	0.00	0.00	0	0	0.00	0.00	0	0	0		0.00	0.00	0.00	0	0	0.00	kg	0	0	0	0	0.00	0.00	0.00	0.00	0.00	0	0	0	00	00	00	0.000.00	0	0	0.00	0.00	0.00	0.00	0.00	0.00				0.000000			
43	Free 43	0.00	0.00	0.00	0.00	0.00	0.00	0.00	0.00	0.00	0.00	0.00	0	0.00	0.00	0.00	0.00	0	0	0.00	0.00	0	0	0		0.00	0.00	0.00	0	0	0.00	kg	0	0	0	0	0.00	0.00	0.00	0.00	0.00	0	0	0	00	00	00	0.000.00	0	0	0.00	0.00	0.00	0.00	0.00	0.00				0.000000			
44	Free 44	0.00	0.00	0.00	0.00	0.00	0.00	0.00	0.00	0.00	0.00	0.00	0	0.00	0.00	0.00	0.00	0	0	0.00	0.00	0	0	0		0.00	0.00	0.00	0	0	0.00	kg	0	0	0	0	0.00	0.00	0.00	0.00	0.00	0	0	0	00	00	00	0.000.00	0	0	0.00	0.00	0.00	0.00	0.00	0.00				0.000000			
45	Free 45	0.00	0.00	0.00	0.00	0.00	0.00	0.00	0.00	0.00	0.00	0.00	0	0.00	0.00	0.00	0.00	0	0	0.00	0.00	0	0	0		0.00	0.00	0.00	0	0	0.00	kg	0	0	0	0	0.00	0.00	0.00	0.00	0.00	0	0	0	00	00	00	0.000.00	0	0	0.00	0.00	0.00	0.00	0.00	0.00				0.000000			
46	Free 46	0.00	0.00	0.00	0.00	0.00	0.00	0.00	0.00	0.00	0.00	0.00	0	0.00	0.00	0.00	0.00	0	0	0.00	0.00	0	0	0		0.00	0.00	0.00	0	0	0.00	kg	0	0	0	0	0.00	0.00	0.00	0.00	0.00	0	0	0	00	00	00	0.000.00	0	0	0.00	0.00	0.00	0.00	0.00	0.00				0.000000			
47	Free 47	0.00	0.00	0.00	0.00	0.00	0.00	0.00	0.00	0.00	0.00	0.00	0	0.00	0.00	0.00	0.00	0	0	0.00	0.00	0	0	0		0.00	0.00	0.00	0	0	0.00	kg	0	0	0	0	0.00	0.00	0.00	0.00	0.00	0	0	0	00	00	00	0.000.00	0	0	0.00	0.00	0.00	0.00	0.00	0.00				0.000000			
48	Free 48	0.00	0.00	0.00	0.00	0.00	0.00	0.00	0.00	0.00	0.00	0.00	0	0.00	0.00	0.00	0.00	0	0	0.00	0.00	0	0	0		0.00	0.00	0.00	0	0	0.00	kg	0	0	0	0	0.00	0.00	0.00	0.00	0.00	0	0	0	00	00	00	0.000.00	0	0	0.00	0.00	0.00	0.00	0.00	0.00				0.000000			
49	Free 49	0.00	0.00	0.00	0.00	0.00	0.00	0.00	0.00	0.00	0.00	0.00	0	0.00	0.00	0.00	0.00	0	0	0.00	0.00	0	0	0		0.00	0.00	0.00	0	0	0.00	kg	0	0	0	0	0.00	0.00	0.00	0.00	0.00	0	0	0	00	00	00	0.000.00	0	0	0.00	0.00	0.00	0.00	0.00	0.00				0.000000			
50	Free 50	0.00	0.00	0.00	0.00	0.00	0.00	0.00	0.00	0.00	0.00	0.00	0	0.00	0.00	0.00	0.00	0	0	0.00	0.00	0	0	0		0.00	0.00	0.00	0	0	0.00	kg	0	0	0	0	0.00	0.00	0.00	0.00	0.00	0	0	0	00	00	00	0.000.00	0	0	0.00	0.00	0.00	0.00	0.00	0.00				0.000000			
51	Free 51	0.00	0.00	0.00	0.00	0.00	0.00	0.00	0.00	0.00	0.00	0.00	0	0.00	0.00	0.00	0.00	0	0	0.00	0.00	0	0	0		0.00	0.00	0.00	0	0	0.00	kg	0	0	0	0	0.00	0.00	0.00	0.00	0.00	0	0	0	00	00	00	0.000.00	0	0	0.00	0.00	0.00	0.00	0.00	0.00				0.000000			
52	Free 52	0.00	0.00	0.00	0.00	0.00	0.00	0.00	0.00	0.00	0.00	0.00	0	0.00	0.00	0.00	0.00	0	0	0.00	0.00	0	0	0		0.00	0.00	0.00	0	0	0.00	kg	0	0	0	0	0.00	0.00	0.00	0.00	0.00	0	0	0	00	00	00	0.000.00	0	0	0.00	0.00	0.00	0.00	0.00	0.00				0.000000			
53	Free 53	0.00	0.00	0.00	0.00	0.00	0.00	0.00	0.00	0.00	0.00	0.00	0	0.00	0.00	0.00	0.00	0	0	0.00	0.00	0	0	0		0.00	0.00	0.00	0	0	0.00	kg	0	0	0	0	0.00	0.00	0.00	0.00	0.00	0	0	0	00	00	00	0.000.00	0	0	0.00	0.00	0.00	0.00	0.00	0.00				0.000000			
54	Free 54	0.00	0.00	0.00	0.00	0.00	0.00	0.00	0.00	0.00	0.00	0.00	0	0.00	0.00	0.00	0.00	0	0	0.00	0.00	0	0	0		0.00	0.00	0.00	0	0	0.00	kg	0	0	0	0	0.00	0.00	0.00	0.00	0.00	0	0	0	00	00	00	0.000.00	0	0	0.00	0.00	0.00	0.00	0.00	0.00				0.000000			
55	Free 55	0.00	0.00	0.00	0.00	0.00	0.00	0.00	0.00	0.00	0.00	0.00	0	0.00	0.00	0.00	0.00	0	0	0.00	0.00	0	0	0		0.00	0.00	0.00	0	0	0.00	kg	0	0	0	0	0.00	0.00	0.00	0.00	0.00	0	0	0	00	00	00	0.000.00	0	0	0.00	0.00	0.00	0.00	0.00	0.00				0.000000			
56	Free 56	0.00	0.00	0.00	0.00	0.00	0.00	0.00	0.00	0.00	0.00	0.00	0	0.00	0.00	0.00	0.00	0	0	0.00	0.00	0	0	0		0.00	0.00	0.00	0	0	0.00	kg	0	0	0	0	0.00	0.00	0.00	0.00	0.00	0	0	0	00	00	00	0.000.00	0	0	0.00	0.00	0.00	0.00	0.00	0.00				0.000000			
57	Free 57	0.00	0.00	0.00	0.00	0.00	0.00	0.00	0.00	0.00	0.00	0.00	0	0.00	0.00	0.00	0.00	0	0	0.00	0.00	0	0	0		0.00	0.00	0.00	0	0	0.00	kg	0	0	0	0	0.00	0.00	0.00	0.00	0.00	0	0	0	00	00	00	0.000.00	0	0	0.00	0.00	0.00	0.00	0.00	0.00				0.000000			
58	Free 58	0.00	0.00	0.00	0.00	0.00	0.00	0.00	0.00	0.00	0.00	0.00	0	0.00	0.00	0.00	0.00	0	0	0.00	0.00	0	0	0		0.00	0.00	0.00	0	0	0.00	kg	0	0	0	0	0.00	0.00	0.00	0.00	0.00	0	0	0	00	00	00	0.000.00	0	0	0.00	0.00	0.00	0.00	0.00	0.00				0.000000			
59	Free 59	0.00	0.00	0.00	0.00	0.00	0.00	0.00	0.00	0.00	0.00	0.00	0	0.00	0.00	0.00	0.00	0	0	0.00	0.00	0	0	0		0.00	0.00	0.00	0	0	0.00	kg	0	0	0	0	0.00	0.00	0.00	0.00	0.00	0	0	0	00	00	00	0.000.00	0	0	0.00	0.00	0.00	0.00	0.00	0.00				0.000000			
60	Free 60	0.00	0.00	0.00	0.00	0.00	0.00	0.00	0.00	0.00	0.00	0.00	0	0.00	0.00	0.00	0.00	0	0	0.00	0.00	0	0	0		0.00	0.00	0.00	0	0	0.00	kg	0	0	0	0	0.00	0.00	0.00	0.00	0.00	0	0	0	00	00	00	0.000.00	0	0	0.00	0.00	0.00	0.00	0.00	0.00				0.000000			
61	Free 61	0.00	0.00	0.00	0.00	0.00	0.00	0.00	0.00	0.00	0.00	0.00	0	0.00	0.00	0.00	0.00	0	0	0.00	0.00	0	0	0		0.00	0.00	0.00	0	0	0.00	kg	0	0	0	0	0.00	0.00	0.00	0.00	0.00	0	0	0	00	00	00	0.000.00	0	0	0.00	0.00	0.00	0.00	0.00	0.00				0.000000			
62	Free 62	0.00	0.00	0.00	0.00	0.00	0.00	0.00	0.00	0.00	0.00	0.00	0	0.00	0.00	0.00	0.00	0	0	0.00	0.00	0	0	0		0.00	0.00	0.00	0	0	0.00	kg	0	0	0	0	0.00	0.00	0.00	0.00	0.00	0	0	0	00	00	00	0.000.00	0	0	0.00	0.00	0.00	0.00	0.00	0.00				0.000000			
63	Free 63	0.00	0.00	0.00	0.00	0.00	0.00	0.00	0.00	0.00	0.00	0.00	0	0.00	0.00	0.00	0.00	0	0	0.00	0.00	0	0	0		0.00	0.00	0.00	0	0	0.00	kg	0	0	0	0	0.00	0.00	0.00	0.00	0.00	0	0	0	00	00	00	0.000.00	0	0	0.00	0.00	0.00	0.00	0.00	0.00				0.000000			
64	Free 64	0.00	0.00	0.00	0.00	0.00	0.00	0.00	0.00	0.00	0.00	0.00	0	0.00	0.00	0.00	0.00	0	0	0.00	0.00	0	0	0		0.00	0.00	0.00	0	0	0.00	kg	0	0	0	0	0.00	0.00	0.00	0.00	0.00	0	0	0	00	00	00	0.000.00	0	0	0.00	0.00	0.00	0.00	0.00	0.00				0.000000			
65	Free 65	0.00	0.00	0.00	0.00	0.00	0.00	0.00	0.00	0.00	0.00	0.00	0	0.00	0.00	0.00	0.00	0	0	0.00	0.00	0	0	0		0.00	0.00	0.00	0	0	0.00	kg	0	0	0	0	0.00	0.00	0.00	0.00	0.00	0	0	0	00	00	00	0.000.00	0	0	0.00	0.00	0.00	0.00	0.00	0.00				0.000000			
66	Free 66	0.00	0.00	0.00	0.00	0.00	0.00	0.00	0.00	0.00	0.00	0.00	0	0.00	0.00	0.00	0.00	0	0	0.00	0.00	0	0	0		0.00	0.00	0.00	0	0	0.00	kg	0	0	0	0	0.00	0.00	0.00	0.00	0.00	0	0	0	00	00	00	0.000.00	0	0	0.00	0.00	0.00	0.00	0.00	0.00				0.000000			
67	Free 67	0.00	0.00	0.00	0.00	0.00	0.00	0.00	0.00	0.00	0.00	0.00	0	0.00	0.00	0.00	0.00	0	0	0.00	0.00	0	0	0		0.00	0.00	0.00	0	0	0.00	kg	0	0	0	0	0.00	0.00	0.00	0.00	0.00	0	0	0	00	00	00	0.000.00	0	0	0.00	0.00	0.00	0.00	0.00	0.00				0.000000			
68	Free 68	0.00	0.00	0.00	0.00	0.00	0.00	0.00	0.00	0.00	0.00	0.00	0	0.00	0.00	0.00	0.00	0	0	0.00	0.00	0	0	0		0.00	0.00	0.00	0	0	0.00	kg	0	0	0	0	0.00	0.00	0.00	0.00	0.00	0	0	0	00	00	00	0.000.00	0	0	0.00	0.00	0.00	0.00	0.00	0.00				0.000000			
69	Free 69	0.00	0.00	0.00	0.00	0.00	0.00	0.00	0.00	0.00	0.00	0.00	0	0.00	0.00	0.00	0.00	0	0	0.00	0.00	0	0	0		0.00	0.00	0.00	0	0	0.00	kg	0	0	0	0	0.00	0.00	0.00	0.00	0.00	0	0	0	00	00	00	0.000.00	0	0	0.00	0.00	0.00	0.00	0.00	0.00				0.000000			
70	Free 70	0.00	0.00	0.00	0.00	0.00	0.00	0.00	0.00	0.00	0.00	0.00	0	0.00	0.00	0.00	0.00	0	0	0.00	0.00	0	0	0		0.00	0.00	0.00	0	0	0.00	kg	0	0	0	0	0.00	0.00	0.00	0.00	0.00	0	0	0	00	00	00	0.000.00	0	0	0.00	0.00	0.00	0.00	0.00	0.00				0.000000			
71	Free 71	0.00	0.00	0.00	0.00	0.00	0.00	0.00	0.00	0.00	0.00	0.00	0	0.00	0.00	0.00	0.00	0	0	0.00	0.00	0	0	0		0.00	0.00	0.00	0	0	0.00	kg	0	0	0	0	0.00	0.00	0.00	0.00	0.00	0	0	0	00	00	00	0.000.00	0	0	0.00	0.00	0.00	0.00	0.00	0.00				0.000000			
72	Free 72	0.00	0.00	0.00	0.00	0.00	0.00	0.00	0.00	0.00	0.00	0.00	0	0.00	0.00	0.00	0.00	0	0	0.00	0.00	0	0	0		0.00	0.00	0.00	0	0	0.00	kg	0	0	0	0	0.00	0.00	0.00	0.00	0.00	0	0	0	00	00	00	0.000.00	0	0	0.00	0.00	0.00	0.00	0.00	0.00				0.000000			
73	Free 73	0.00	0.00	0.00	0.00	0.00	0.00	0.00	0.00	0.00	0.00	0.00	0	0.00	0.00	0.00	0.00	0	0	0.00	0.00	0	0	0		0.00	0.00	0.00	0	0	0.00	kg	0	0	0	0	0.00	0.00	0.00	0.00	0.00	0	0	0	00	00	00	0.000.00	0	0	0.00	0.00	0.00	0.00	0.00	0.00				0.000000			
74	Free 74	0.00	0.00	0.00	0.00	0.00	0.00	0.00	0.00	0.00	0.00	0.00	0	0.00	0.00	0.00	0.00	0	0	0.00	0.00	0	0	0		0.00	0.00	0.00	0	0	0.00	kg	0	0	0	0	0.00	0.00	0.00	0.00	0.00	0	0	0	00	00	00	0.000.00	0	0	0.00	0.00	0.00	0.00	0.00	0.00				0.000000			
75	Free 75	0.00	0.00	0.00	0.00	0.00	0.00	0.00	0.00	0.00	0.00	0.00	0	0.00	0.00	0.00	0.00	0	0	0.00	0.00	0	0	0		0.00	0.00	0.00	0	0	0.00	kg	0	0	0	0	0.00	0.00	0.00	0.00	0.00	0	0	0	00	00	00	0.000.00	0	0	0.00	0.00	0.00	0.00	0.00	0.00				0.000000			
76	Free 76	0.00	0.00	0.00	0.00	0.00	0.00	0.00	0.00	0.00	0.00	0.00	0	0.00	0.00	0.00	0.00	0	0	0.00	0.00	0	0	0		0.00	0.00	0.00	0	0	0.00	kg	0	0	0	0	0.00	0.00	0.00	0.00	0.00	0	0	0	00	00	00	0.000.00	0	0	0.00	0.00	0.00	0.00	0.00	0.00				0.000000			
77	Free 77	0.00	0.00	0.00	0.00	0.00	0.00	0.00	0.00	0.00	0.00	0.00	0	0.00	0.00	0.00	0.00	0	0	0.00	0.00	0	0	0		0.00	0.00	0.00	0	0	0.00	kg	0	0	0	0	0.00	0.00	0.00	0.00	0.00	0	0	0	00	00	00	0.000.00	0	0	0.00	0.00	0.00	0.00	0.00	0.00				0.000000			
78	Free 78	0.00	0.00	0.00	0.00	0.00	0.00	0.00	0.00	0.00	0.00	0.00	0	0.00	0.00	0.00	0.00	0	0	0.00	0.00	0	0	0		0.00	0.00	0.00	0	0	0.00	kg	0	0	0	0	0.00	0.00	0.00	0.00	0.00	0	0	0	00	00	00	0.000.00	0	0	0.00	0.00	0.00	0.00	0.00	0.00				0.000000			
79	Free 79	0.00	0.00	0.00	0.00	0.00	0.00	0.00	0.00	0.00	0.00	0.00	0	0.00	0.00	0.00	0.00	0	0	0.00	0.00	0	0	0		0.00	0.00	0.00	0	0	0.00	kg	0	0	0	0	0.00	0.00	0.00	0.00	0.00	0	0	0	00	00	00	0.000.00	0	0	0.00	0.00	0.00	0.00	0.00	0.00				0.000000			
80	Free 80	0.00	0.00	0.00	0.00	0.00	0.00	0.00	0.00	0.00	0.00	0.00	0	0.00	0.00	0.00	0.00	0	0	0.00	0.00	0	0	0		0.00	0.00	0.00	0	0	0.00	kg	0	0	0	0	0.00	0.00	0.00	0.00	0.00	0	0	0	00	00	00	0.000.00	0	0	0.00	0.00	0.00	0.00	0.00	0.00				0.000000			
81	Free 81	0.00	0.00	0.00	0.00	0.00	0.00	0.00	0.00	0.00	0.00	0.00	0	0.00	0.00	0.00	0.00	0	0	0.00	0.00	0	0	0		0.00	0.00	0.00	0	0	0.00	kg	0	0	0	0	0.00	0.00	0.00	0.00	0.00	0	0	0	00	00	00	0.000.00	0	0	0.00	0.00	0.00	0.00	0.00	0.00				0.000000			
82	Free 82	0.00	0.00	0.00	0.00	0.00	0.00	0.00	0.00	0.00	0.00	0.00	0	0.00	0.00	0.00	0.00	0	0	0.00	0.00	0	0	0		0.00	0.00	0.00	0	0	0.00	kg	0	0	0	0	0.00	0.00	0.00	0.00	0.00	0	0	0	00	00	00	0.000.00	0	0	0.00	0.00	0.00	0.00	0.00	0.00				0.000000			
83	Free 83	0.00	0.00	0.00	0.00	0.00	0.00	0.00	0.00	0.00	0.00	0.00	0	0.00	0.00	0.00	0.00	0	0	0.00	0.00	0	0	0		0.00	0.00	0.00	0	0	0.00	kg	0	0	0	0	0.00	0.00	0.00	0.00	0.00	0	0	0	00	00	00	0.000.00	0	0	0.00	0.00	0.00	0.00	0.00	0.00				0.000000			
84	Free 84	0.00	0.00	0.00	0.00	0.00	0.00	0.00	0.00	0.00	0.00	0.00	0	0.00	0.00	0.00	0.00	0	0	0.00	0.00	0	0	0		0.00	0.00	0.00	0	0	0.00	kg	0	0	0	0	0.00	0.00	0.00	0.00	0.00	0	0	0	00	00	00	0.000.00	0	0	0.00	0.00	0.00	0.00	0.00	0.00				0.000000			
85	Free 85	0.00	0.00	0.00	0.00	0.00	0.00	0.00	0.00	0.00	0.00	0.00	0	0.00	0.00	0.00	0.00	0	0	0.00	0.00	0	0	0		0.00	0.00	0.00	0	0	0.00	kg	0	0	0	0	0.00	0.00	0.00	0.00	0.00	0	0	0	00	00	00	0.000.00	0	0	0.00	0.00	0.00	0.00	0.00	0.00				0.000000			
86	Free 86	0.00	0.00	0.00	0.00	0.00	0.00	0.00	0.00	0.00	0.00	0.00	0	0.00	0.00	0.00	0.00	0	0	0.00	0.00	0	0	0		0.00	0.00	0.00	0	0	0.00	kg	0	0	0	0	0.00	0.00	0.00	0.00	0.00	0	0	0	00	00	00	0.000.00	0	0	0.00	0.00	0.00	0.00	0.00	0.00				0.000000			
87	Free 87	0.00	0.00	0.00	0.00	0.00	0.00	0.00	0.00	0.00	0.00	0.00	0	0.00	0.00	0.00	0.00	0	0	0.00	0.00	0	0	0		0.00	0.00	0.00	0	0	0.00	kg	0	0	0	0	0.00	0.00	0.00	0.00	0.00	0	0	0	00	00	00	0.000.00	0	0	0.00	0.00	0.00	0.00	0.00	0.00				0.000000			
88	Free 88	0.00	0.00	0.00	0.00	0.00	0.00	0.00	0.00	0.00	0.00	0.00	0	0.00	0.00	0.00	0.00	0	0	0.00	0.00	0	0	0		0.00	0.00	0.00	0	0	0.00	kg	0	0	0	0	0.00	0.00	0.00	0.00	0.00	0	0	0	00	00	00	0.000.00	0	0	0.00	0.00	0.00	0.00	0.00	0.00				0.000000			
89	Free 89	0.00	0.00	0.00	0.00	0.00	0.00	0.00	0.00	0.00	0.00	0.00	0	0.00	0.00	0.00	0.00	0	0	0.00	0.00	0	0	0		0.00	0.00	0.00	0	0	0.00	kg	0	0	0	0	0.00	0.00	0.00	0.00	0.00	0	0	0	00	00	00	0.000.00	0	0	0.00	0.00	0.00	0.00	0.00	0.00				0.000000			
90	Free 90	0.00	0.00	0.00	0.00	0.00	0.00	0.00	0.00	0.00	0.00	0.00	0	0.00	0.00	0.00	0.00	0	0	0.00	0.00	0	0	0		0.00	0.00	0.00	0	0	0.00	kg	0	0	0	0	0.00	0.00	0.00	0.00	0.00	0	0	0	00	00	00	0.000.00	0	0	0.00	0.00	0.00	0.00	0.00	0.00				0.000000			
91	Free 91	0.00	0.00	0.00	0.00	0.00	0.00	0.00	0.00	0.00	0.00	0.00	0	0.00	0.00	0.00	0.00	0	0	0.00	0.00	0	0	0		0.00	0.00	0.00	0	0	0.00	kg	0	0	0	0	0.00	0.00	0.00	0.00	0.00	0	0	0	00	00	00	0.000.00	0	0	0.00	0.00	0.00	0.00	0.00	0.00				0.000000			
92	Free 92	0.00	0.00	0.00	0.00	0.00	0.00	0.00	0.00	0.00	0.00	0.00	0	0.00	0.00	0.00	0.00	0	0	0.00	0.00	0	0	0		0.00	0.00	0.00	0	0	0.00	kg	0	0	0	0	0.00	0.00	0.00	0.00	0.00	0	0	0	00	00	00	0.000.00	0	0	0.00	0.00	0.00	0.00	0.00	0.00				0.000000			
93	Free 93	0.00	0.00	0.00	0.00	0.00	0.00	0.00	0.00	0.00	0.00	0.00	0	0.00	0.00	0.00	0.00	0	0	0.00	0.00	0	0	0		0.00	0.00	0.00	0	0	0.00	kg	0	0	0	0	0.00	0.00	0.00	0.00	0.00	0	0	0	00	00	00	0.000.00	0	0	0.00	0.00	0.00	0.00	0.00	0.00				0.000000			
94	Free 94	0.00	0.00	0.00	0.00	0.00	0.00	0.00	0.00	0.00	0.00	0.00	0	0.00	0.00	0.00	0.00	0	0	0.00	0.00	0	0	0		0.00	0.00	0.00	0	0	0.00	kg	0	0	0	0	0.00	0.00	0.00	0.00	0.00	0	0	0	00	00	00	0.000.00	0	0	0.00	0.00	0.00	0.00	0.00	0.00				0.000000			
95	Free 95	0.00	0.00	0.00	0.00	0.00	0.00	0.00	0.00	0.00	0.00	0.00	0	0.00	0.00	0.00	0.00	0	0	0.00	0.00	0	0	0		0.00	0.00	0.00	0	0	0.00	kg	0	0	0	0	0.00	0.00	0.00	0.00	0.00	0	0	0	00	00	00	0.000.00	0	0	0.00	0.00	0.00	0.00	0.00	0.00				0.000000			
96	Free 96	0.00	0.00	0.00	0.00	0.00	0.00	0.00	0.00	0.00	0.00	0.00	0	0.00	0.00	0.00	0.00	0	0	0.00	0.00	0	0	0		0.00	0.00	0.00	0	0	0.00	kg	0	0	0	0	0.00	0.00	0.00	0.00	0.00	0	0	0	00	00	00	0.000.00	0	0	0.00	0.00	0.00	0.00	0.00	0.00				0.000000			
97	Free 97	0.00	0.00	0.00	0.00	0.00	0.00	0.00	0.00	0.00	0.00	0.00	0	0.00	0.00	0.00	0.00	0	0	0.00	0.00	0	0	0		0.00	0.00	0.00	0	0	0.00	kg	0	0	0	0	0.00	0.00	0.00	0.00	0.00	0	0	0	00	00	00	0.000.00	0	0	0.00	0.00	0.00	0.00	0.00	0.00				0.000000			
98	Free 98	0.00	0.00	0.00	0.00	0.00	0.00	0.00	0.00	0.00	0.00	0.00	0	0.00	0.00	0.00	0.00	0	0	0.00	0.00	0	0	0		0.00	0.00	0.00	0	0	0.00	kg	0	0	0	0	0.00	0.00	0.00	0.00	0.00	0	0	0	00	00	00	0.000.00	0	0	0.00	0.00	0.00	0.00	0.00	0.00				0.000000			
99	Free 99	0.00	0.00	0.00	0.00	0.00	0.00	0.00	0.00	0.00	0.00	0.00	0	0.00	0.00	0.00	0.00	0	0	0.00	0.00	0	0	0		0.00	0.00	0.00	0	0	0.00	kg	0	0	0	0	0.00	0.00	0.00	0.00	0.00	0	0	0	00	00	00	0.000.00	0	0	0.00	0.00	0.00	0.00	0.00	0.00				0.000000			
100	Free 100	0.00	0.00	0.00	0.00	0.00	0.00	0.00	0.00	0.00	0.00	0.00	0	0.00	0.00	0.00	0.00	0	0	0.00	0.00	0	0	0		0.00	0.00	0.00	0	0	0.00	kg	0	0	0	0	0.00	0.00	0.00	0.00	0.00	0	0	0	00	00	00	0.000.00	0	0	0.00	0.00	0.00	0.00	0.00	0.00				0.000000			
